mail,password,username,first_name,last_name,country,description,profile_picture
mariasmith79@example.com,^YT6X7EzJtdP,mariasmith79,Maria,Smith,Zimbabwe,Under international look method only who key story.,https://i.pravatar.cc/150?u=mariasmith79@example.com
barbarawilliams39@example.com,xoe$*nOi5(_8,barbarawilliams39,Barbara,Williams,Seychelles,First and outside term western despite wide.,https://i.pravatar.cc/150?u=barbarawilliams39@example.com
lindanolan52@example.com,0CH0W69n@$mJ,lindanolan52,Linda,Nolan,Sri Lanka,Conference second commercial hope fact from material.,https://i.pravatar.cc/150?u=lindanolan52@example.com
amberlewis76@example.com,Qsf3PlA6*!!),amberlewis76,Amber,Lewis,Malaysia,It rich response result outside team from feel wish listen short anything onto.,https://i.pravatar.cc/150?u=amberlewis76@example.com
shawncabrera42@example.com,6dvbOrN4_RL8,shawncabrera42,Shawn,Cabrera,Namibia,Present simply prevent operation run give president science walk.,https://i.pravatar.cc/150?u=shawncabrera42@example.com
timothyparker57@example.com,+1SgN9JnRWyU,timothyparker57,Timothy,Parker,Panama,Lawyer choose media special year fear pass gun find report sport before voice.,https://i.pravatar.cc/150?u=timothyparker57@example.com
lauramiller49@example.com,VAQ!zggD$9H@,lauramiller49,Laura,Miller,China,Experience order my lead sign yourself sister.,https://i.pravatar.cc/150?u=lauramiller49@example.com
justinhardy39@example.com,gUR1qNnZ&7Zq,justinhardy39,Justin,Hardy,Bulgaria,Role day change now look soldier.,https://i.pravatar.cc/150?u=justinhardy39@example.com
nicholasgood74@example.com,Q^6FYoDkC+O1,nicholasgood74,Nicholas,Good,Comoros,Approach reason its consumer office him back certainly government best Congress determine likely.,https://i.pravatar.cc/150?u=nicholasgood74@example.com
ryanhernandez64@example.com,!s4$8R5kK**+,ryanhernandez64,Ryan,Hernandez,Solomon Islands,Hear after argue oil than write amount.,https://i.pravatar.cc/150?u=ryanhernandez64@example.com
chadrhodes90@example.com,zt20ODjnD@i*,chadrhodes90,Chad,Rhodes,Libyan Arab Jamahiriya,Production explain people single customer door a fear rather modern live.,https://i.pravatar.cc/150?u=chadrhodes90@example.com
robertali67@example.com,#kWXv_xA7rPM,robertali67,Robert,Ali,Fiji,Wonder per argue other conference movement look about prove very I be staff.,https://i.pravatar.cc/150?u=robertali67@example.com
bradleymarshall94@example.com,ss%c1BDv&uTu,bradleymarshall94,Bradley,Marshall,Turks and Caicos Islands,Subject never above tonight it meet sport or onto thank tax.,https://i.pravatar.cc/150?u=bradleymarshall94@example.com
jessicapreston89@example.com,&0G+60@xzbRe,jessicapreston89,Jessica,Preston,Luxembourg,Guy family action natural majority possible when month plant thank suddenly maybe Democrat.,https://i.pravatar.cc/150?u=jessicapreston89@example.com
lancehernandez53@example.com,c0z#u*s3v7QL,lancehernandez53,Lance,Hernandez,Finland,A general film toward card strategy.,https://i.pravatar.cc/150?u=lancehernandez53@example.com
derekperkins56@example.com,B7UliHDblO&2,derekperkins56,Derek,Perkins,Honduras,Much half difficult today step stage.,https://i.pravatar.cc/150?u=derekperkins56@example.com
chelseacasey6@example.com,(!^9Bhnw#NV6,chelseacasey6,Chelsea,Casey,Tonga,Here talk hour director policy weight fill official go.,https://i.pravatar.cc/150?u=chelseacasey6@example.com
christianmaxwell68@example.com,A5Y*Sce9Zfg5,christianmaxwell68,Christian,Maxwell,Portugal,We build real morning into meeting point better.,https://i.pravatar.cc/150?u=christianmaxwell68@example.com
jenniferdixon33@example.com,Z%27RSoq*ty(,jenniferdixon33,Jennifer,Dixon,Kenya,Training real onto single rate force.,https://i.pravatar.cc/150?u=jenniferdixon33@example.com
feliciaaguilar2@example.com,YQZ1RJefE^Y5,feliciaaguilar2,Felicia,Aguilar,Costa Rica,Fast father husband another drug plan himself feel street.,https://i.pravatar.cc/150?u=feliciaaguilar2@example.com
anthonybrown76@example.com,Y%Wg6@Lrc#YJ,anthonybrown76,Anthony,Brown,Antigua and Barbuda,Across push country majority agent left.,https://i.pravatar.cc/150?u=anthonybrown76@example.com
shawncollins80@example.com,^x2$Wjnw!%p3,shawncollins80,Shawn,Collins,Martinique,To show guess loss as similar collection.,https://i.pravatar.cc/150?u=shawncollins80@example.com
michaelherrera55@example.com,Xp@4YnJas*bO,michaelherrera55,Michael,Herrera,Chad,Professor environmental until yeah wall imagine economy.,https://i.pravatar.cc/150?u=michaelherrera55@example.com
williamcook90@example.com,+Nc6)H)zE9Xj,williamcook90,William,Cook,Comoros,Control seat interest responsibility executive start everything I evidence.,https://i.pravatar.cc/150?u=williamcook90@example.com
williamwiggins55@example.com,c)8C^KyjC@kg,williamwiggins55,William,Wiggins,Belgium,Much sister mind pull line much consumer family occur need up oil book.,https://i.pravatar.cc/150?u=williamwiggins55@example.com
lindseymays52@example.com,!TLiciyw0o8T,lindseymays52,Lindsey,Mays,South Georgia and the South Sandwich Islands,Century increase blood single material possible probably cost under suggest both loss.,https://i.pravatar.cc/150?u=lindseymays52@example.com
mikaylarodriguez89@example.com,Ij6_YA%g7#C7,mikaylarodriguez89,Mikayla,Rodriguez,Dominica,See various point TV day risk care law education time institution bill upon.,https://i.pravatar.cc/150?u=mikaylarodriguez89@example.com
monicapalmer77@example.com,!CHMNu_iT4og,monicapalmer77,Monica,Palmer,Thailand,Write past go then performance fight gun try eye until.,https://i.pravatar.cc/150?u=monicapalmer77@example.com
melissawilkerson91@example.com,Wv6F4icU@&P1,melissawilkerson91,Melissa,Wilkerson,Indonesia,Least east than agree million at while special summer wear son.,https://i.pravatar.cc/150?u=melissawilkerson91@example.com
benjaminho32@example.com,h_mgCYrDWH4e,benjaminho32,Benjamin,Ho,Argentina,Author product much various interesting positive foot edge prevent sometimes.,https://i.pravatar.cc/150?u=benjaminho32@example.com
robertogay60@example.com,G)gG#!fh+3lQ,robertogay60,Roberto,Gay,Somalia,Participant stay seat former air expect especially sit of create in finally staff.,https://i.pravatar.cc/150?u=robertogay60@example.com
timothygentry53@example.com,vyMYsxoRd@3O,timothygentry53,Timothy,Gentry,Congo,Room somebody detail by memory writer detail wall opportunity stop charge hear base.,https://i.pravatar.cc/150?u=timothygentry53@example.com
stacymartin97@example.com,EtN1Jq5cMVy!,stacymartin97,Stacy,Martin,Uruguay,Between different rise this already police himself.,https://i.pravatar.cc/150?u=stacymartin97@example.com
nicoleruiz86@example.com,S2Oc!l)tD_G#,nicoleruiz86,Nicole,Ruiz,British Virgin Islands,Develop leg thank price southern range who tonight national customer.,https://i.pravatar.cc/150?u=nicoleruiz86@example.com
tristanphillips23@example.com,wTXg*ai%YE4!,tristanphillips23,Tristan,Phillips,Belarus,Surface able call what former affect here team I.,https://i.pravatar.cc/150?u=tristanphillips23@example.com
jessicathompson51@example.com,XIV2irVFS9$g,jessicathompson51,Jessica,Thompson,Iran,Degree painting should through add produce team her serious this any heavy.,https://i.pravatar.cc/150?u=jessicathompson51@example.com
tarathompson81@example.com,V!s1AoQQ&*e!,tarathompson81,Tara,Thompson,Montenegro,Training all sometimes floor make middle property property decision hope loss line last.,https://i.pravatar.cc/150?u=tarathompson81@example.com
kaitlinshaw50@example.com,Nj1(eR3MHEY6,kaitlinshaw50,Kaitlin,Shaw,Madagascar,Media plan fire skill research policy save prevent see girl deal its.,https://i.pravatar.cc/150?u=kaitlinshaw50@example.com
tinablack8@example.com,1p7T1sOfv*0Q,tinablack8,Tina,Black,Egypt,Professor do foot today skill week race theory own describe call since.,https://i.pravatar.cc/150?u=tinablack8@example.com
marcfrank94@example.com,OPu0(2ApIppe,marcfrank94,Marc,Frank,Bangladesh,Worry east game decade Mrs feeling clearly behind.,https://i.pravatar.cc/150?u=marcfrank94@example.com
davidmorgan83@example.com,k*8RsluB+lVK,davidmorgan83,David,Morgan,Poland,Tv either scene military address financial late.,https://i.pravatar.cc/150?u=davidmorgan83@example.com
cynthiabanks16@example.com,uGyUxq0mZ)2F,cynthiabanks16,Cynthia,Banks,Chad,Professional tell just ball visit great whose since.,https://i.pravatar.cc/150?u=cynthiabanks16@example.com
heatherlyons84@example.com,!11SLJKsfrU6,heatherlyons84,Heather,Lyons,Reunion,Allow receive security itself song break look hit learn fine.,https://i.pravatar.cc/150?u=heatherlyons84@example.com
michaelmata5@example.com,@jDy*Hzgm_8*,michaelmata5,Michael,Mata,Italy,Really their even put give right reach.,https://i.pravatar.cc/150?u=michaelmata5@example.com
tylerfoster42@example.com,@PgmDon(P8DB,tylerfoster42,Tyler,Foster,Romania,Management daughter rate likely writer ground toward.,https://i.pravatar.cc/150?u=tylerfoster42@example.com
michellehanson67@example.com,Y_ZiIi8f!5GH,michellehanson67,Michelle,Hanson,Lithuania,Nothing have word and foot sit become pressure information draw line.,https://i.pravatar.cc/150?u=michellehanson67@example.com
derrickharper74@example.com,$@9RnvTt5mKS,derrickharper74,Derrick,Harper,Lithuania,Keep first in price change side professional today another foot.,https://i.pravatar.cc/150?u=derrickharper74@example.com
keithjones28@example.com,05aO3zUUd(0$,keithjones28,Keith,Jones,San Marino,Treatment I affect visit movement administration from myself production.,https://i.pravatar.cc/150?u=keithjones28@example.com
jessicavillarreal84@example.com,_9Ag01eK%!0M,jessicavillarreal84,Jessica,Villarreal,Dominican Republic,Dog owner degree section health specific cultural leg look as high bank according.,https://i.pravatar.cc/150?u=jessicavillarreal84@example.com
davidsmith25@example.com,2Mm0BHf1&D2Z,davidsmith25,David,Smith,Wallis and Futuna,He them interview establish animal society base.,https://i.pravatar.cc/150?u=davidsmith25@example.com
breannajohnson52@example.com,3xeZrBi+!krO,breannajohnson52,Breanna,Johnson,Taiwan,Experience develop reason thus address ahead notice part.,https://i.pravatar.cc/150?u=breannajohnson52@example.com
sherriandrews39@example.com,y%0PxQoO3sF2,sherriandrews39,Sherri,Andrews,United States Virgin Islands,Appear take chance find alone worry attorney could get rest son.,https://i.pravatar.cc/150?u=sherriandrews39@example.com
joshuapeterson15@example.com,@8S0ABdQd3B@,joshuapeterson15,Joshua,Peterson,Guam,Imagine write population gas trip full phone west.,https://i.pravatar.cc/150?u=joshuapeterson15@example.com
thomashall20@example.com,uj+MMheCe)U3,thomashall20,Thomas,Hall,Samoa,Anything seem it sport thing record too picture half lose follow night.,https://i.pravatar.cc/150?u=thomashall20@example.com
jonathanwilliams22@example.com,P$J8zV7h(+Xo,jonathanwilliams22,Jonathan,Williams,Cambodia,Personal upon hour space where national thought house church free free him.,https://i.pravatar.cc/150?u=jonathanwilliams22@example.com
anthonystewart46@example.com,74OrpJDr&GE%,anthonystewart46,Anthony,Stewart,Zimbabwe,Source establish cup organization product often major leave culture senior item paper still.,https://i.pravatar.cc/150?u=anthonystewart46@example.com
aliciareynolds11@example.com,@Xr53hIqh%#K,aliciareynolds11,Alicia,Reynolds,Guernsey,Father present sure born sort event.,https://i.pravatar.cc/150?u=aliciareynolds11@example.com
felicialong14@example.com,#4qBVIXolElV,felicialong14,Felicia,Long,Argentina,Parent strategy always single exist lot.,https://i.pravatar.cc/150?u=felicialong14@example.com
morganmoreno46@example.com,wiVZmO+!*3Ft,morganmoreno46,Morgan,Moreno,Kyrgyz Republic,Company above central voice instead everybody hour.,https://i.pravatar.cc/150?u=morganmoreno46@example.com
richardwhite52@example.com,)97Phei(mB^S,richardwhite52,Richard,White,Turks and Caicos Islands,At him give sell Mr east fire.,https://i.pravatar.cc/150?u=richardwhite52@example.com
rogerwilliams27@example.com,Fm!kfBmK%7RV,rogerwilliams27,Roger,Williams,Rwanda,Book through how down let bad open wind baby computer.,https://i.pravatar.cc/150?u=rogerwilliams27@example.com
alechanson21@example.com,(&4e4uFf!qAO,alechanson21,Alec,Hanson,Egypt,Building office show exactly world whether him according man myself answer.,https://i.pravatar.cc/150?u=alechanson21@example.com
samanthagonzalez86@example.com,+1X3S9Dg&b36,samanthagonzalez86,Samantha,Gonzalez,Isle of Man,Through away drug until push buy five offer.,https://i.pravatar.cc/150?u=samanthagonzalez86@example.com
lorifuentes77@example.com,)*YYNyc681b%,lorifuentes77,Lori,Fuentes,Belarus,Huge thought fish tell myself put pretty.,https://i.pravatar.cc/150?u=lorifuentes77@example.com
brendacraig53@example.com,rq5U!Dd*%v1T,brendacraig53,Brenda,Craig,Costa Rica,Four all area statement try item occur.,https://i.pravatar.cc/150?u=brendacraig53@example.com
lisasheppard78@example.com,w6(+^F5k@Hzi,lisasheppard78,Lisa,Sheppard,French Southern Territories,Lot act when drug guess test down theory claim option foreign animal.,https://i.pravatar.cc/150?u=lisasheppard78@example.com
robertgraham13@example.com,+0NPYcxj$w3J,robertgraham13,Robert,Graham,United Kingdom,History himself you on property response forget by school.,https://i.pravatar.cc/150?u=robertgraham13@example.com
courtneynelson91@example.com,W9+5XA4N$y%V,courtneynelson91,Courtney,Nelson,Guinea-Bissau,After allow change size voice even suggest.,https://i.pravatar.cc/150?u=courtneynelson91@example.com
tiffanymccarty64@example.com,A&31ZdDz(e9L,tiffanymccarty64,Tiffany,Mccarty,Honduras,Want maybe group never necessary paper account current remain.,https://i.pravatar.cc/150?u=tiffanymccarty64@example.com
joseestrada83@example.com,$+xvQ4nbGqw3,joseestrada83,Jose,Estrada,Saint Martin,Size force safe director seven do stop agency idea quality.,https://i.pravatar.cc/150?u=joseestrada83@example.com
andrewharris37@example.com,(76zEnaP(mPW,andrewharris37,Andrew,Harris,France,In sign Republican so any hold.,https://i.pravatar.cc/150?u=andrewharris37@example.com
christopherrichards77@example.com,6BKhbMBX)x)H,christopherrichards77,Christopher,Richards,Bangladesh,Worker coach team feeling foreign almost history run yet future five.,https://i.pravatar.cc/150?u=christopherrichards77@example.com
samanthahicks3@example.com,#1tVhmBc2aLD,samanthahicks3,Samantha,Hicks,Turkmenistan,Million bed memory perform by explain like consider as analysis ten.,https://i.pravatar.cc/150?u=samanthahicks3@example.com
annesmith96@example.com,!DHBUToj694U,annesmith96,Anne,Smith,Palestinian Territory,Force remember all provide door option article.,https://i.pravatar.cc/150?u=annesmith96@example.com
edwinvillarreal35@example.com,4#$(1M@n+dBM,edwinvillarreal35,Edwin,Villarreal,Botswana,Window garden TV become decide arrive.,https://i.pravatar.cc/150?u=edwinvillarreal35@example.com
isaiahsnyder76@example.com,e&M_SwcLJ7SQ,isaiahsnyder76,Isaiah,Snyder,Anguilla,Western condition practice color fire inside ago crime.,https://i.pravatar.cc/150?u=isaiahsnyder76@example.com
lisaholland50@example.com,+Z2IriGq_3Wh,lisaholland50,Lisa,Holland,Uruguay,Provide media entire firm another child camera marriage.,https://i.pravatar.cc/150?u=lisaholland50@example.com
karinaflynn67@example.com,&&4*0Xqx3tyH,karinaflynn67,Karina,Flynn,Bouvet Island (Bouvetoya),Military catch range manage study mother voice.,https://i.pravatar.cc/150?u=karinaflynn67@example.com
jessicabecker76@example.com,v(c6%*BqN(K6,jessicabecker76,Jessica,Becker,Sao Tome and Principe,Help data simple television actually sea theory debate fish fill Mrs much less.,https://i.pravatar.cc/150?u=jessicabecker76@example.com
kathrynboyle42@example.com,FNA8Ya7$)t7l,kathrynboyle42,Kathryn,Boyle,Solomon Islands,Simply traditional administration become later foot turn.,https://i.pravatar.cc/150?u=kathrynboyle42@example.com
barbarageorge45@example.com,EG)5Yl0$xoCd,barbarageorge45,Barbara,George,Nauru,Coach create reduce magazine recognize stuff ever blood color follow across free.,https://i.pravatar.cc/150?u=barbarageorge45@example.com
donaldraymond64@example.com,%2HOmStsAj53,donaldraymond64,Donald,Raymond,Honduras,Accept scientist visit pull better movement option collection.,https://i.pravatar.cc/150?u=donaldraymond64@example.com
deborahgreen49@example.com,I3(@oEnKsU%3,deborahgreen49,Deborah,Green,Guadeloupe,Like according vote for everything soldier and politics produce maybe interview hard.,https://i.pravatar.cc/150?u=deborahgreen49@example.com
pamelabarrett66@example.com,*791kyAScS*L,pamelabarrett66,Pamela,Barrett,Uganda,Long quickly newspaper yourself quickly a which.,https://i.pravatar.cc/150?u=pamelabarrett66@example.com
travisburton30@example.com,mYTBG1)h^0iN,travisburton30,Travis,Burton,Costa Rica,Understand research more there foot check evidence company set voice amount put.,https://i.pravatar.cc/150?u=travisburton30@example.com
ronaldmay58@example.com,x$4@j&EuWK#U,ronaldmay58,Ronald,May,Mauritius,Candidate public often plant stage thus color build response.,https://i.pravatar.cc/150?u=ronaldmay58@example.com
ashleymullen41@example.com,zy*v6#Rc0IaC,ashleymullen41,Ashley,Mullen,Norway,Nation itself he senior way goal step hear Republican mission board challenge nor.,https://i.pravatar.cc/150?u=ashleymullen41@example.com
tiffanyturner14@example.com,%PWw3u2e+5R@,tiffanyturner14,Tiffany,Turner,Mozambique,Method consumer scene sort event while.,https://i.pravatar.cc/150?u=tiffanyturner14@example.com
tonyrivera71@example.com,#gMQRxuLA88z,tonyrivera71,Tony,Rivera,Guam,Technology all daughter magazine these work ground space blood.,https://i.pravatar.cc/150?u=tonyrivera71@example.com
isabelayala60@example.com,^6SYb!NntcWy,isabelayala60,Isabel,Ayala,Afghanistan,Security apply stop yard hit to.,https://i.pravatar.cc/150?u=isabelayala60@example.com
bernardwashington57@example.com,K9D)0WtI*RG2,bernardwashington57,Bernard,Washington,Hong Kong,Part push part worry social a case hold energy.,https://i.pravatar.cc/150?u=bernardwashington57@example.com
juliebrewer90@example.com,0T9A*&g6$v0d,juliebrewer90,Julie,Brewer,Turks and Caicos Islands,Sell walk person phone family growth suffer gas.,https://i.pravatar.cc/150?u=juliebrewer90@example.com
erinnguyen20@example.com,_VGz7OUql!mM,erinnguyen20,Erin,Nguyen,Western Sahara,Machine night until point rest air summer low best choice no value.,https://i.pravatar.cc/150?u=erinnguyen20@example.com
lynnpowers53@example.com,^sxbJHPC&7_z,lynnpowers53,Lynn,Powers,Namibia,Executive price health western lot or five friend.,https://i.pravatar.cc/150?u=lynnpowers53@example.com
jennifercoleman31@example.com,q#S_3ucpkD9o,jennifercoleman31,Jennifer,Coleman,Wallis and Futuna,Mr husband whose firm left message expert couple all huge relationship our rest.,https://i.pravatar.cc/150?u=jennifercoleman31@example.com
patriciabrown12@example.com,a&9wLWGl_ov1,patriciabrown12,Patricia,Brown,United States Minor Outlying Islands,Wrong set wish body draw author stuff its drug material.,https://i.pravatar.cc/150?u=patriciabrown12@example.com
samuelbrown36@example.com,I*M%4V^syzIN,samuelbrown36,Samuel,Brown,Netherlands,Hotel key chance owner share probably.,https://i.pravatar.cc/150?u=samuelbrown36@example.com
natashanash77@example.com,9)MZDnC13Kn6,natashanash77,Natasha,Nash,United Kingdom,Run town resource first need already onto which nothing.,https://i.pravatar.cc/150?u=natashanash77@example.com
ryanlarson47@example.com,6lHoL39r$8*Y,ryanlarson47,Ryan,Larson,Saint Helena,Beyond real election building also live society court success wear attention at.,https://i.pravatar.cc/150?u=ryanlarson47@example.com
donaldcampbell5@example.com,p!DKt5XefgjC,donaldcampbell5,Donald,Campbell,Tanzania,Successful minute make message entire upon food save.,https://i.pravatar.cc/150?u=donaldcampbell5@example.com
thomasbutler17@example.com,T2S9I4PjnL+!,thomasbutler17,Thomas,Butler,Cook Islands,Mission other car task yes billion consumer simply cost black.,https://i.pravatar.cc/150?u=thomasbutler17@example.com
wendyhendricks35@example.com,e^@5fEaBVk50,wendyhendricks35,Wendy,Hendricks,Yemen,Effect senior require organization enough course kid system media.,https://i.pravatar.cc/150?u=wendyhendricks35@example.com
kimbarrett69@example.com,w0XYSCs#%MNj,kimbarrett69,Kim,Barrett,Zimbabwe,Eat by level change center truth how.,https://i.pravatar.cc/150?u=kimbarrett69@example.com
douglasreyes64@example.com,)gYdMr4F0pKL,douglasreyes64,Douglas,Reyes,Jordan,Yourself structure when few half year ever hold degree glass short trouble suddenly close.,https://i.pravatar.cc/150?u=douglasreyes64@example.com
josephmoyer38@example.com,6@2h7_r@vTDT,josephmoyer38,Joseph,Moyer,Honduras,Risk table example speak deal face.,https://i.pravatar.cc/150?u=josephmoyer38@example.com
colleenburke10@example.com,Vr_)!Iwuwy75,colleenburke10,Colleen,Burke,Tuvalu,Audience assume environmental fall open positive religious six far economy until recently.,https://i.pravatar.cc/150?u=colleenburke10@example.com
jorgemiller53@example.com,c6ZsHV3!*lcT,jorgemiller53,Jorge,Miller,Algeria,Season town cup born same small wind force moment true.,https://i.pravatar.cc/150?u=jorgemiller53@example.com
drewellis1@example.com,4DS5UPdz)L*4,drewellis1,Drew,Ellis,Lao People's Democratic Republic,Type home better system who least security support might who hundred white.,https://i.pravatar.cc/150?u=drewellis1@example.com
danielmendez45@example.com,er2fWSGz)3Jh,danielmendez45,Daniel,Mendez,Dominica,Eye of certainly key exactly out another thank player financial cup network medical.,https://i.pravatar.cc/150?u=danielmendez45@example.com
staceyellis27@example.com,wu3DD)ih&&0s,staceyellis27,Stacey,Ellis,Poland,On however least common age bring party last morning.,https://i.pravatar.cc/150?u=staceyellis27@example.com
melissadavidson45@example.com,p54xIgIH*70y,melissadavidson45,Melissa,Davidson,Brazil,Nice work his method that lawyer seat have American.,https://i.pravatar.cc/150?u=melissadavidson45@example.com
alisonleonard28@example.com,^vpC2Zj9jK9x,alisonleonard28,Alison,Leonard,Marshall Islands,Share source factor war within medical.,https://i.pravatar.cc/150?u=alisonleonard28@example.com
benjaminconrad75@example.com,Uk%1Tqd6dk$Y,benjaminconrad75,Benjamin,Conrad,Kiribati,Local network threat should loss within including design mother.,https://i.pravatar.cc/150?u=benjaminconrad75@example.com
stephanierichards40@example.com,Loet)R@pU^a8,stephanierichards40,Stephanie,Richards,Ireland,Whether country director or generation cover total mission hour teach husband daughter.,https://i.pravatar.cc/150?u=stephanierichards40@example.com
josephchapman27@example.com,_8J)3aO&2XVj,josephchapman27,Joseph,Chapman,Iceland,Prove radio conference fill position cell threat need back son.,https://i.pravatar.cc/150?u=josephchapman27@example.com
lauriecross52@example.com,$90I3W8j(EN),lauriecross52,Laurie,Cross,Kyrgyz Republic,Week look anything world wonder material race rather receive example might street serve food.,https://i.pravatar.cc/150?u=lauriecross52@example.com
jasmineward8@example.com,%GdAwF$1V8MU,jasmineward8,Jasmine,Ward,Greenland,Rule land small old western board notice relationship born while about.,https://i.pravatar.cc/150?u=jasmineward8@example.com
krystallopez88@example.com,8&B@$etmO8aY,krystallopez88,Krystal,Lopez,Niue,Right finish inside small discuss network of.,https://i.pravatar.cc/150?u=krystallopez88@example.com
bethjohnson88@example.com,&SeBXZu&M678,bethjohnson88,Beth,Johnson,Grenada,Bar leg foreign both offer leave information thank.,https://i.pravatar.cc/150?u=bethjohnson88@example.com
bradleyoneill50@example.com,DZ7Kac#*T1(n,bradleyoneill50,Bradley,Oneill,Guinea,Approach structure strategy ahead nearly leave everybody approach detail authority pay.,https://i.pravatar.cc/150?u=bradleyoneill50@example.com
seanbuchanan12@example.com,R#B8CzncdT_x,seanbuchanan12,Sean,Buchanan,France,Court break series service phone attention already issue push voice western.,https://i.pravatar.cc/150?u=seanbuchanan12@example.com
jasonevans47@example.com,*4V7o9J2u3_p,jasonevans47,Jason,Evans,Svalbard & Jan Mayen Islands,Since investment rock one keep wait whether case to.,https://i.pravatar.cc/150?u=jasonevans47@example.com
lukehorn77@example.com,+y*T&1oj@1zh,lukehorn77,Luke,Horn,Angola,Somebody age prepare style trial suffer Congress trial statement laugh tonight rise shoulder.,https://i.pravatar.cc/150?u=lukehorn77@example.com
karenadams18@example.com,#iQx4BUz_yli,karenadams18,Karen,Adams,Timor-Leste,Challenge spend carry current present including authority sometimes pull soon cut bad treat sit.,https://i.pravatar.cc/150?u=karenadams18@example.com
kaitlynmiller41@example.com,$F1QfT8zu9yc,kaitlynmiller41,Kaitlyn,Miller,Malawi,Discover hotel only near ready help environment now movement.,https://i.pravatar.cc/150?u=kaitlynmiller41@example.com
adamfox86@example.com,%2mNmpPeVcdG,adamfox86,Adam,Fox,Niger,Everyone everything discover once forget area over computer personal street describe.,https://i.pravatar.cc/150?u=adamfox86@example.com
donaldphillips32@example.com,P4E_ohm9yzuA,donaldphillips32,Donald,Phillips,Belize,Second act week want health decide month work always after former people certainly.,https://i.pravatar.cc/150?u=donaldphillips32@example.com
samuelmorgan1@example.com,as0iY@V6y!5I,samuelmorgan1,Samuel,Morgan,Spain,Guy position early begin charge inside.,https://i.pravatar.cc/150?u=samuelmorgan1@example.com
christopherwheeler53@example.com,+JrPaJ2X#9B2,christopherwheeler53,Christopher,Wheeler,Mauritania,Forget half manage ground history decide time hold.,https://i.pravatar.cc/150?u=christopherwheeler53@example.com
joshuajohnson87@example.com,J&0P47TFlt_t,joshuajohnson87,Joshua,Johnson,Benin,View stand decide region red cold him citizen learn soon.,https://i.pravatar.cc/150?u=joshuajohnson87@example.com
mistygarcia10@example.com,y6wAI7v1+391,mistygarcia10,Misty,Garcia,Uzbekistan,General crime town above conference method loss serve model point eight.,https://i.pravatar.cc/150?u=mistygarcia10@example.com
susancantrell9@example.com,BC)wP@wRoq2h,susancantrell9,Susan,Cantrell,Jamaica,Rock range everybody stage while take trip option let life mission report.,https://i.pravatar.cc/150?u=susancantrell9@example.com
derekandrews92@example.com,59FrS$Puzf!3,derekandrews92,Derek,Andrews,Slovenia,Important American face property half fish shoulder technology build summer.,https://i.pravatar.cc/150?u=derekandrews92@example.com
jessicaklein54@example.com,A1FNGWi+IkR(,jessicaklein54,Jessica,Klein,French Guiana,Large claim five still agreement media top sit indeed.,https://i.pravatar.cc/150?u=jessicaklein54@example.com
frederickperez64@example.com,+v2dvM_w1TaY,frederickperez64,Frederick,Perez,Finland,True player protect last know responsibility if.,https://i.pravatar.cc/150?u=frederickperez64@example.com
travislang44@example.com,j6EKLH@4$jle,travislang44,Travis,Lang,Chad,Table yeah true have two kind world.,https://i.pravatar.cc/150?u=travislang44@example.com
meredithholmes44@example.com,5@7D2ZvVcL$6,meredithholmes44,Meredith,Holmes,Monaco,Or course teach positive area generation probably coach record south.,https://i.pravatar.cc/150?u=meredithholmes44@example.com
douglasfields92@example.com,i+!09ZTqf&@M,douglasfields92,Douglas,Fields,Kiribati,Team street visit career hard nothing series.,https://i.pravatar.cc/150?u=douglasfields92@example.com
johnbooth42@example.com,*%*SfoW0xbV1,johnbooth42,John,Booth,Moldova,Article impact ground cost page chair believe speech voice Congress.,https://i.pravatar.cc/150?u=johnbooth42@example.com
michelemack27@example.com,J#c7uhw)+x2N,michelemack27,Michele,Mack,Colombia,Thing sense positive identify painting difficult force hand.,https://i.pravatar.cc/150?u=michelemack27@example.com
jimmyscott96@example.com,1)!^zvMrnyhT,jimmyscott96,Jimmy,Scott,Oman,Camera character onto popular ahead allow.,https://i.pravatar.cc/150?u=jimmyscott96@example.com
kennethcole20@example.com,zWS5GAfR#_3T,kennethcole20,Kenneth,Cole,Holy See (Vatican City State),Explain before after adult just since.,https://i.pravatar.cc/150?u=kennethcole20@example.com
ashleygates26@example.com,PM3AD2KuSb%7,ashleygates26,Ashley,Gates,Egypt,Choose current south week agency draw when long.,https://i.pravatar.cc/150?u=ashleygates26@example.com
amycrawford68@example.com,j)MazlLe2r_0,amycrawford68,Amy,Crawford,Madagascar,Executive throw way man majority car strategy they opportunity manage.,https://i.pravatar.cc/150?u=amycrawford68@example.com
kristigraves90@example.com,$*f8wVvjUQqR,kristigraves90,Kristi,Graves,Romania,Activity manage industry adult any successful stuff shoulder project management.,https://i.pravatar.cc/150?u=kristigraves90@example.com
sergiomclean19@example.com,jJ7Lise&R^W9,sergiomclean19,Sergio,Mclean,Afghanistan,Order stuff voice reason hope hold within relationship save.,https://i.pravatar.cc/150?u=sergiomclean19@example.com
steventodd12@example.com,)z0&#ONz%JDS,steventodd12,Steven,Todd,Tuvalu,Teach media parent big exist pay now listen right central.,https://i.pravatar.cc/150?u=steventodd12@example.com
markmartin28@example.com,&biYn7FO9Ns_,markmartin28,Mark,Martin,Pitcairn Islands,Until wife either help budget long body feel information left story remember economic.,https://i.pravatar.cc/150?u=markmartin28@example.com
timothynixon23@example.com,#ib1H^iyqoCF,timothynixon23,Timothy,Nixon,Ireland,Officer usually man scientist five stuff difficult food last person case image bed.,https://i.pravatar.cc/150?u=timothynixon23@example.com
kellytorres9@example.com,&5weSsPdUfxH,kellytorres9,Kelly,Torres,Algeria,Thought moment prove heavy yourself article back tell face sure.,https://i.pravatar.cc/150?u=kellytorres9@example.com
michelleadkins23@example.com,ow4rt_zl_@hI,michelleadkins23,Michelle,Adkins,Kyrgyz Republic,Create kind organization seat rest issue.,https://i.pravatar.cc/150?u=michelleadkins23@example.com
sarahcook85@example.com,ob+VKsdCVK4b,sarahcook85,Sarah,Cook,Spain,Southern join house yes as people event research.,https://i.pravatar.cc/150?u=sarahcook85@example.com
pamelaorr90@example.com,8GD1ftdF@7zs,pamelaorr90,Pamela,Orr,Serbia,Edge argue career bank whole very fill off act perform degree house into.,https://i.pravatar.cc/150?u=pamelaorr90@example.com
dannybrown65@example.com,m%@1oDgJD7ov,dannybrown65,Danny,Brown,Albania,Push around long officer rate story finish.,https://i.pravatar.cc/150?u=dannybrown65@example.com
nancygonzalez52@example.com,y(SHZv+(U03A,nancygonzalez52,Nancy,Gonzalez,Ireland,Put stop probably guy resource yes space this difference.,https://i.pravatar.cc/150?u=nancygonzalez52@example.com
tinagilmore26@example.com,e5Ow3qTm%14l,tinagilmore26,Tina,Gilmore,Andorra,Toward first mind well ability southern bill trial letter.,https://i.pravatar.cc/150?u=tinagilmore26@example.com
victoriacook40@example.com,_^L+u9JsDIl%,victoriacook40,Victoria,Cook,Grenada,Mrs receive everyone herself of ball local group bag.,https://i.pravatar.cc/150?u=victoriacook40@example.com
timothystone10@example.com,@7TDNlizVl%r,timothystone10,Timothy,Stone,North Macedonia,Million know sell require once affect fear cost country.,https://i.pravatar.cc/150?u=timothystone10@example.com
leegomez46@example.com,I$tRSU#Idm35,leegomez46,Lee,Gomez,Uganda,Office house bad program mother style line.,https://i.pravatar.cc/150?u=leegomez46@example.com
briansmith65@example.com,qVH1E3TiX+fL,briansmith65,Brian,Smith,Netherlands,Successful now reason realize mission participant itself.,https://i.pravatar.cc/150?u=briansmith65@example.com
jillgrimes9@example.com,$#8Dy9rhtGL%,jillgrimes9,Jill,Grimes,Poland,Join around student enough loss onto art see true argue maybe data color.,https://i.pravatar.cc/150?u=jillgrimes9@example.com
davidatkins16@example.com,*1ATU6P^oVrb,davidatkins16,David,Atkins,Ethiopia,Land class crime lose low reveal must sister above mouth big specific writer.,https://i.pravatar.cc/150?u=davidatkins16@example.com
anitacooper1@example.com,T*O*u8dsTC7I,anitacooper1,Anita,Cooper,Pitcairn Islands,Loss this beautiful unit woman road little sit see laugh feel.,https://i.pravatar.cc/150?u=anitacooper1@example.com
nicholasle84@example.com,+8W9pAYvz+#3,nicholasle84,Nicholas,Le,Belgium,Employee talk rule reflect by your identify.,https://i.pravatar.cc/150?u=nicholasle84@example.com
josephfrench70@example.com,b1O8kz5X(7%Z,josephfrench70,Joseph,French,Estonia,Police it politics success star car down economic against way.,https://i.pravatar.cc/150?u=josephfrench70@example.com
christophermorales73@example.com,f7MICu0x$r1Z,christophermorales73,Christopher,Morales,Poland,Feel deal language support minute order exactly nearly oil.,https://i.pravatar.cc/150?u=christophermorales73@example.com
donnahoward25@example.com,rD2J$cgq$FGF,donnahoward25,Donna,Howard,Brunei Darussalam,Program interest trade view effect item strategy fast effort.,https://i.pravatar.cc/150?u=donnahoward25@example.com
michaelhill72@example.com,IWO6w5TrZ1_+,michaelhill72,Michael,Hill,Solomon Islands,Yard forward whose over against trouble military fund husband feeling peace air morning.,https://i.pravatar.cc/150?u=michaelhill72@example.com
brandoncarrillo33@example.com,Up_8+JPsuOAq,brandoncarrillo33,Brandon,Carrillo,Dominica,Candidate determine turn paper painting hear no low couple play draw worker.,https://i.pravatar.cc/150?u=brandoncarrillo33@example.com
davidadams8@example.com,)(LtmNMr+b4y,davidadams8,David,Adams,Rwanda,Value deep could letter similar front action professional dark stop give condition.,https://i.pravatar.cc/150?u=davidadams8@example.com
robertdavis88@example.com,t86Oh2Wx*f9k,robertdavis88,Robert,Davis,Mozambique,Executive serious require unit whether candidate well many wait.,https://i.pravatar.cc/150?u=robertdavis88@example.com
pamelafigueroa98@example.com,*cAFxG9w4mEf,pamelafigueroa98,Pamela,Figueroa,Sweden,Rather knowledge from choice design each adult.,https://i.pravatar.cc/150?u=pamelafigueroa98@example.com
michellesolis33@example.com,3$TNv4dI&2on,michellesolis33,Michelle,Solis,Gibraltar,Significant remember participant war choose talk student attack clearly now wear room.,https://i.pravatar.cc/150?u=michellesolis33@example.com
josephhanna58@example.com,v)4)SrHrj_xx,josephhanna58,Joseph,Hanna,Uzbekistan,Score foot environment lawyer out chair real cup.,https://i.pravatar.cc/150?u=josephhanna58@example.com
michaelabrown15@example.com,_(NMCbK)9*4A,michaelabrown15,Michaela,Brown,Gibraltar,Physical respond source expert evidence term poor.,https://i.pravatar.cc/150?u=michaelabrown15@example.com
brendapetersen35@example.com,*x664Sf^oskF,brendapetersen35,Brenda,Petersen,French Polynesia,Rise later stand open seem enter politics use school professor include most fact.,https://i.pravatar.cc/150?u=brendapetersen35@example.com
carolynbrown6@example.com,$NFLWNuNC0Yz,carolynbrown6,Carolyn,Brown,United States Virgin Islands,Second weight her quickly religious true far pay.,https://i.pravatar.cc/150?u=carolynbrown6@example.com
kristiespencer56@example.com,s40GsOd+!&8T,kristiespencer56,Kristie,Spencer,Liberia,Technology look way American ground physical religious tonight weight front card worry.,https://i.pravatar.cc/150?u=kristiespencer56@example.com
jademurillo67@example.com,)5@PUnNa_5Ub,jademurillo67,Jade,Murillo,British Indian Ocean Territory (Chagos Archipelago),Wife blue clearly truth party yes fly throughout form candidate agreement.,https://i.pravatar.cc/150?u=jademurillo67@example.com
karengonzales88@example.com,IJ1Jq9Jo!*TG,karengonzales88,Karen,Gonzales,Czech Republic,Apply nor decade benefit each same little lot capital common structure attack.,https://i.pravatar.cc/150?u=karengonzales88@example.com
andreaburke30@example.com,epMDmUqs!%C9,andreaburke30,Andrea,Burke,Brazil,Every last follow laugh age fear recognize act.,https://i.pravatar.cc/150?u=andreaburke30@example.com
tamiblackburn86@example.com,+sZHem&#97o5,tamiblackburn86,Tami,Blackburn,Mexico,Shoulder attention laugh ball land result loss care.,https://i.pravatar.cc/150?u=tamiblackburn86@example.com
evelynbrady88@example.com,yrpgWTGo#p7s,evelynbrady88,Evelyn,Brady,Slovakia (Slovak Republic),Know resource describe society data understand likely whether.,https://i.pravatar.cc/150?u=evelynbrady88@example.com
henrycunningham63@example.com,a+$Ik)pkNL7#,henrycunningham63,Henry,Cunningham,Korea,Might pull new language design community.,https://i.pravatar.cc/150?u=henrycunningham63@example.com
jessicavega52@example.com,@9&G@AiFZ0Y+,jessicavega52,Jessica,Vega,Swaziland,Later memory far stock meeting attention carry break Mr close authority business street.,https://i.pravatar.cc/150?u=jessicavega52@example.com
leekennedy30@example.com,P^7Po#u%_v0g,leekennedy30,Lee,Kennedy,Kenya,Player watch security short major above see certainly beat.,https://i.pravatar.cc/150?u=leekennedy30@example.com
stephaniemartinez29@example.com,cZOF2Wz0B%B3,stephaniemartinez29,Stephanie,Martinez,China,Quite general determine magazine direction response network name way direction after Congress.,https://i.pravatar.cc/150?u=stephaniemartinez29@example.com
williamwilliams37@example.com,_eU6USlv3cKg,williamwilliams37,William,Williams,Antigua and Barbuda,Agreement cover full particularly stay above shoulder performance all stop.,https://i.pravatar.cc/150?u=williamwilliams37@example.com
stephenwatson19@example.com,I&8QEJy!(A1T,stephenwatson19,Stephen,Watson,Tajikistan,Pattern make happy suggest what very black then case beautiful explain no.,https://i.pravatar.cc/150?u=stephenwatson19@example.com
ericrios10@example.com,H5K_sqSv+r^X,ericrios10,Eric,Rios,Australia,Note public always drug red create short stop allow bit kid state.,https://i.pravatar.cc/150?u=ericrios10@example.com
marissaoliver90@example.com,&hA2mgvmU08U,marissaoliver90,Marissa,Oliver,Colombia,Human camera behind town five pass conference teacher chair half could since.,https://i.pravatar.cc/150?u=marissaoliver90@example.com
gabrielflynn69@example.com,MN+HSeXIsQ6a,gabrielflynn69,Gabriel,Flynn,Brazil,When get pick election why whether significant respond worker.,https://i.pravatar.cc/150?u=gabrielflynn69@example.com
wendysheppard65@example.com,4%2ZhTG(X!zm,wendysheppard65,Wendy,Sheppard,Palau,Former debate cell occur family wait sing many.,https://i.pravatar.cc/150?u=wendysheppard65@example.com
stephaniegriffith35@example.com,sozNvqncG57^,stephaniegriffith35,Stephanie,Griffith,Saint Vincent and the Grenadines,Begin maintain within star year sound us finish fear charge away.,https://i.pravatar.cc/150?u=stephaniegriffith35@example.com
jesuswells82@example.com,jhmjV6ts*9KJ,jesuswells82,Jesus,Wells,Djibouti,Of federal mind deal former almost bad country star management phone.,https://i.pravatar.cc/150?u=jesuswells82@example.com
caitlyncook12@example.com,!2C1IqlcigGC,caitlyncook12,Caitlyn,Cook,Argentina,Current tax easy model culture politics discuss care answer however parent husband.,https://i.pravatar.cc/150?u=caitlyncook12@example.com
catherinegreen91@example.com,vY(PC7Zmho6v,catherinegreen91,Catherine,Green,Kiribati,Test man pick gun necessary above plant early single member early.,https://i.pravatar.cc/150?u=catherinegreen91@example.com
brandyowens92@example.com,4l0zi@8cq#8O,brandyowens92,Brandy,Owens,American Samoa,Protect as wear factor fast son but management computer concern direction whether.,https://i.pravatar.cc/150?u=brandyowens92@example.com
kerrylee63@example.com,0o6TYcJa&o$F,kerrylee63,Kerry,Lee,Mexico,Difficult soon sure common occur school not show reason appear.,https://i.pravatar.cc/150?u=kerrylee63@example.com
tamarawalker49@example.com,**_8f!j*_1Qb,tamarawalker49,Tamara,Walker,Cambodia,Interesting middle modern perhaps factor individual leader decade sing girl every.,https://i.pravatar.cc/150?u=tamarawalker49@example.com
edwinlowe2@example.com,6edZE1lU%8JT,edwinlowe2,Edwin,Lowe,Pitcairn Islands,Commercial fill discussion hair especially population director tend indicate art.,https://i.pravatar.cc/150?u=edwinlowe2@example.com
stacydorsey66@example.com,%tiR_!Zi2oUL,stacydorsey66,Stacy,Dorsey,Liberia,Front mention it environmental fact commercial help popular find speak yourself court look.,https://i.pravatar.cc/150?u=stacydorsey66@example.com
gregoryedwards17@example.com,&4T)^1Z)i@nd,gregoryedwards17,Gregory,Edwards,Malawi,Success up hold practice certainly foreign picture truth girl several.,https://i.pravatar.cc/150?u=gregoryedwards17@example.com
patriciariley43@example.com,R@8iDyiv(LS1,patriciariley43,Patricia,Riley,Cambodia,Already white glass environment great ahead.,https://i.pravatar.cc/150?u=patriciariley43@example.com
glennlam79@example.com,L_iv4xBqXe4@,glennlam79,Glenn,Lam,Cape Verde,Idea nothing industry between hot apply us reach.,https://i.pravatar.cc/150?u=glennlam79@example.com
stephanieanderson5@example.com,C1_bblb8!MMv,stephanieanderson5,Stephanie,Anderson,Luxembourg,Issue table per guess blue born white fight conference laugh business.,https://i.pravatar.cc/150?u=stephanieanderson5@example.com
michaelwheeler61@example.com,ynPQuo*hI_2_,michaelwheeler61,Michael,Wheeler,Angola,Strategy time cover adult pay establish quality.,https://i.pravatar.cc/150?u=michaelwheeler61@example.com
elizabethaustin11@example.com,)7)rQkr3lRFF,elizabethaustin11,Elizabeth,Austin,Cameroon,None attorney sport indeed our school pattern beyond worker real themselves.,https://i.pravatar.cc/150?u=elizabethaustin11@example.com
jamiecabrera4@example.com,^$B#*ViBKY2t,jamiecabrera4,Jamie,Cabrera,Luxembourg,Program indeed physical picture cost century.,https://i.pravatar.cc/150?u=jamiecabrera4@example.com
danielsavage53@example.com,#5jA1$SrR1)!,danielsavage53,Daniel,Savage,Isle of Man,Set address approach anyone alone consider although century.,https://i.pravatar.cc/150?u=danielsavage53@example.com
zacharysnyder91@example.com,tllR9LvH!^8W,zacharysnyder91,Zachary,Snyder,France,Girl doctor check officer resource six memory drug.,https://i.pravatar.cc/150?u=zacharysnyder91@example.com
claudiasmith68@example.com,nA4RPwOc2y9),claudiasmith68,Claudia,Smith,South Georgia and the South Sandwich Islands,Take individual analysis more sign thank remain.,https://i.pravatar.cc/150?u=claudiasmith68@example.com
jenniferellis90@example.com,^S3+2BWd(IP%,jenniferellis90,Jennifer,Ellis,Burundi,Onto smile much event do check law arm her center.,https://i.pravatar.cc/150?u=jenniferellis90@example.com
amberwilson28@example.com,^TQCljyev4FT,amberwilson28,Amber,Wilson,Lao People's Democratic Republic,Become young information cut road hear.,https://i.pravatar.cc/150?u=amberwilson28@example.com
susangonzalez81@example.com,%#aVYPu(kw3c,susangonzalez81,Susan,Gonzalez,Lithuania,Gas phone along fine after these down one.,https://i.pravatar.cc/150?u=susangonzalez81@example.com
janebrown95@example.com,d4j#5A_z)f35,janebrown95,Jane,Brown,Bermuda,The with once throughout when stage follow cell.,https://i.pravatar.cc/150?u=janebrown95@example.com
adammyers12@example.com,!O9Eo0kq2UPW,adammyers12,Adam,Myers,Jersey,Marriage defense once ability financial remember.,https://i.pravatar.cc/150?u=adammyers12@example.com
sarahayala48@example.com,ks7St_qn$Cyz,sarahayala48,Sarah,Ayala,Guinea-Bissau,Claim might choose hold piece someone production benefit radio administration voice.,https://i.pravatar.cc/150?u=sarahayala48@example.com
heathercraig73@example.com,3$6#C^YvTYIr,heathercraig73,Heather,Craig,Comoros,Fall alone enjoy way where why life.,https://i.pravatar.cc/150?u=heathercraig73@example.com
jacquelinehawkins48@example.com,Ok4(#eAip@ej,jacquelinehawkins48,Jacqueline,Hawkins,Tonga,Bit senior during learn remember voice glass ever.,https://i.pravatar.cc/150?u=jacquelinehawkins48@example.com
michaelpotts36@example.com,$)85HY_@*QPu,michaelpotts36,Michael,Potts,Jordan,It wish reduce threat approach although job boy resource purpose onto.,https://i.pravatar.cc/150?u=michaelpotts36@example.com
glennhoward99@example.com,T3WcYkK1&zso,glennhoward99,Glenn,Howard,Armenia,Entire avoid force generation director fast fast upon beautiful.,https://i.pravatar.cc/150?u=glennhoward99@example.com
whitneypatel11@example.com,DjO6D6*h%ZDm,whitneypatel11,Whitney,Patel,Montenegro,Look Democrat ball number poor already value.,https://i.pravatar.cc/150?u=whitneypatel11@example.com
stephaniecrawford67@example.com,9uwY)La5)KJ+,stephaniecrawford67,Stephanie,Crawford,Indonesia,Both truth seven future ever fear mention citizen consumer.,https://i.pravatar.cc/150?u=stephaniecrawford67@example.com
sandrariley65@example.com,+#!BMHlGq&!6,sandrariley65,Sandra,Riley,Ghana,Forget clearly executive just exist ago thousand during prove.,https://i.pravatar.cc/150?u=sandrariley65@example.com
lisabrown29@example.com,qSlgprGsY(7&,lisabrown29,Lisa,Brown,Ethiopia,Cover should important increase brother doctor position.,https://i.pravatar.cc/150?u=lisabrown29@example.com
tinahuff96@example.com,$PbL0#o&27(H,tinahuff96,Tina,Huff,Mayotte,Box item as think although collection marriage ago.,https://i.pravatar.cc/150?u=tinahuff96@example.com
christineyoung12@example.com,POQgJfx^H(38,christineyoung12,Christine,Young,Cayman Islands,Sport sound friend budget election few between.,https://i.pravatar.cc/150?u=christineyoung12@example.com
alanmorgan17@example.com,j#5+3a@6)1Yj,alanmorgan17,Alan,Morgan,Aruba,Training sound economic knowledge point writer responsibility.,https://i.pravatar.cc/150?u=alanmorgan17@example.com
andreaespinoza16@example.com,T4U!Fl&nsk6I,andreaespinoza16,Andrea,Espinoza,Bhutan,Tell off within turn rather practice consumer must take.,https://i.pravatar.cc/150?u=andreaespinoza16@example.com
joncooper81@example.com,)1gUgg+Wn6Vx,joncooper81,Jon,Cooper,Uzbekistan,Pull buy large them rich response value character late turn town former.,https://i.pravatar.cc/150?u=joncooper81@example.com
ashleythompson57@example.com,P@_9xckU6s2H,ashleythompson57,Ashley,Thompson,Tanzania,Avoid seven human appear better hour court wall buy point like sister home.,https://i.pravatar.cc/150?u=ashleythompson57@example.com
diamondellis36@example.com,4ZM$eBf3jcGJ,diamondellis36,Diamond,Ellis,Nauru,Hit news growth authority camera there behavior manage ball agree peace structure produce.,https://i.pravatar.cc/150?u=diamondellis36@example.com
joshualawson76@example.com,6tzxy^dQ_YKw,joshualawson76,Joshua,Lawson,Pakistan,Official by woman current experience art.,https://i.pravatar.cc/150?u=joshualawson76@example.com
christinaroberts15@example.com,zG3ML6hq$7YX,christinaroberts15,Christina,Roberts,Uruguay,Interest buy exist guy behind since decision recently area specific his language court.,https://i.pravatar.cc/150?u=christinaroberts15@example.com
erincook45@example.com,_1NLBXXp1(ag,erincook45,Erin,Cook,Rwanda,Past expert song focus help down.,https://i.pravatar.cc/150?u=erincook45@example.com
christinahaas30@example.com,+ugCHrD1Q8eg,christinahaas30,Christina,Haas,Ukraine,Member past color remain drug modern there appear religious perhaps.,https://i.pravatar.cc/150?u=christinahaas30@example.com
jasonjones42@example.com,^WPyKwXi@e#1,jasonjones42,Jason,Jones,Netherlands Antilles,Great city recent feel physical century city bit major authority leave its.,https://i.pravatar.cc/150?u=jasonjones42@example.com
jacobbryant34@example.com,k84%9LxT0%dV,jacobbryant34,Jacob,Bryant,American Samoa,How table enjoy natural suffer away interest stand court really reach five.,https://i.pravatar.cc/150?u=jacobbryant34@example.com
karenharris75@example.com,csYW$qpd^6GD,karenharris75,Karen,Harris,Rwanda,Whom nor world head positive among.,https://i.pravatar.cc/150?u=karenharris75@example.com
amberfarmer82@example.com,7phsELo2_)T0,amberfarmer82,Amber,Farmer,Comoros,Environment majority mean wide stand enter city carry on explain box.,https://i.pravatar.cc/150?u=amberfarmer82@example.com
paulwebster31@example.com,_#ls(bJW&3N4,paulwebster31,Paul,Webster,Nauru,Very stock campaign themselves movement very to well.,https://i.pravatar.cc/150?u=paulwebster31@example.com
larryduffy57@example.com,&qKYNIQuW@86,larryduffy57,Larry,Duffy,Bangladesh,Smile go box food your human time knowledge.,https://i.pravatar.cc/150?u=larryduffy57@example.com
ryanfreeman69@example.com,pl26lR7s+*Bq,ryanfreeman69,Ryan,Freeman,Venezuela,Economy rich anyone hour central treat should.,https://i.pravatar.cc/150?u=ryanfreeman69@example.com
lindalara89@example.com,b0r9CZo_(4yn,lindalara89,Linda,Lara,Azerbaijan,Marriage girl marriage hear any bad example quickly little act.,https://i.pravatar.cc/150?u=lindalara89@example.com
lauralewis43@example.com,9CNGmSf6@zGw,lauralewis43,Laura,Lewis,Jordan,Watch especially national whose decide however very now add lay culture table hour.,https://i.pravatar.cc/150?u=lauralewis43@example.com
garyvaughn2@example.com,!jG3PLCyAggi,garyvaughn2,Gary,Vaughn,Grenada,Summer energy main wish pressure produce particular during.,https://i.pravatar.cc/150?u=garyvaughn2@example.com
sharonstrong40@example.com,WHb1+pcP*BvW,sharonstrong40,Sharon,Strong,Croatia,Level foreign amount national deal structure imagine list need team.,https://i.pravatar.cc/150?u=sharonstrong40@example.com
christopherwhite13@example.com,RVV8+&Kr)U$8,christopherwhite13,Christopher,White,Iraq,Describe thing size develop write page street brother many.,https://i.pravatar.cc/150?u=christopherwhite13@example.com
brendahines92@example.com,%d9rG8qR#I+8,brendahines92,Brenda,Hines,Armenia,Tough game reveal drug certainly want space hour speak big.,https://i.pravatar.cc/150?u=brendahines92@example.com
tannerruiz88@example.com,6j^8crCuPBp0,tannerruiz88,Tanner,Ruiz,Cambodia,Market rise fear else reduce business may democratic police second show sound catch.,https://i.pravatar.cc/150?u=tannerruiz88@example.com
tamarahensley66@example.com,l0Zi^mFI_uTg,tamarahensley66,Tamara,Hensley,Kyrgyz Republic,Speech security voice second television often partner.,https://i.pravatar.cc/150?u=tamarahensley66@example.com
jonathanleon16@example.com,04Hx3*u(wL)V,jonathanleon16,Jonathan,Leon,Nicaragua,Spend statement particularly increase center price performance share natural young story if.,https://i.pravatar.cc/150?u=jonathanleon16@example.com
michaelbradshaw26@example.com,C$sWsl)r@9JG,michaelbradshaw26,Michael,Bradshaw,Grenada,Down turn onto themselves institution production cause wonder.,https://i.pravatar.cc/150?u=michaelbradshaw26@example.com
marysoto5@example.com,x_8HWn_347EI,marysoto5,Mary,Soto,Panama,Positive ready will role away role including again place.,https://i.pravatar.cc/150?u=marysoto5@example.com
josephdyer19@example.com,4e^jsZvU*0KC,josephdyer19,Joseph,Dyer,Barbados,Art arm close another usually notice food.,https://i.pravatar.cc/150?u=josephdyer19@example.com
brianthompson58@example.com,Z!5bRlFsA6_K,brianthompson58,Brian,Thompson,Italy,Require capital truth heart difficult together wife fact.,https://i.pravatar.cc/150?u=brianthompson58@example.com
karencooper26@example.com,+6UM(yTK2sGs,karencooper26,Karen,Cooper,Lithuania,My pick law she side amount you.,https://i.pravatar.cc/150?u=karencooper26@example.com
reneevargas20@example.com,y(@#0MWn+WLI,reneevargas20,Renee,Vargas,Niue,Late out she grow scene bit alone stay color page century rock.,https://i.pravatar.cc/150?u=reneevargas20@example.com
robertsims78@example.com,B)6Is_rh%@ZL,robertsims78,Robert,Sims,Palau,Phone too eight of whose include never military pretty center appear accept.,https://i.pravatar.cc/150?u=robertsims78@example.com
tinapaul3@example.com,*f5TmiJn&lFy,tinapaul3,Tina,Paul,Russian Federation,Above pay imagine data serve number my.,https://i.pravatar.cc/150?u=tinapaul3@example.com
erikaknight82@example.com,)!OBbwjv_0UE,erikaknight82,Erika,Knight,Nigeria,Hour technology ask structure present office fight find.,https://i.pravatar.cc/150?u=erikaknight82@example.com
patrickspence70@example.com,YO+YJLoK&)81,patrickspence70,Patrick,Spence,El Salvador,Ten reach rate individual food raise other movement kitchen with forward white.,https://i.pravatar.cc/150?u=patrickspence70@example.com
jeffreydecker92@example.com,6gY)WtQGr^87,jeffreydecker92,Jeffrey,Decker,Lithuania,Phone successful loss source himself source mind item degree common parent last much.,https://i.pravatar.cc/150?u=jeffreydecker92@example.com
lisariley73@example.com,@w0V8o151)jA,lisariley73,Lisa,Riley,Azerbaijan,Weight hold impact shoulder call around create not traditional.,https://i.pravatar.cc/150?u=lisariley73@example.com
toddramirez10@example.com,&E+)2IGsp&er,toddramirez10,Todd,Ramirez,Saudi Arabia,Even successful set reveal right physical mention white.,https://i.pravatar.cc/150?u=toddramirez10@example.com
heathercain62@example.com,38gRTS(qdkN^,heathercain62,Heather,Cain,Portugal,Know community manager point energy this Republican.,https://i.pravatar.cc/150?u=heathercain62@example.com
sallymacdonald92@example.com,)5Gy(f$TwV_E,sallymacdonald92,Sally,Macdonald,Bhutan,Easy late feeling on financial friend four unit minute wind.,https://i.pravatar.cc/150?u=sallymacdonald92@example.com
nathanielholmes72@example.com,@j%R2fDi7%e#,nathanielholmes72,Nathaniel,Holmes,Djibouti,State stuff rate join behind interest central continue size think.,https://i.pravatar.cc/150?u=nathanielholmes72@example.com
larryriley3@example.com,^$Wd82zt1T#p,larryriley3,Larry,Riley,Dominica,Industry raise tonight age forward conference ask tree should method.,https://i.pravatar.cc/150?u=larryriley3@example.com
michaelrobinson20@example.com,c&9Azq)b+3+1,michaelrobinson20,Michael,Robinson,French Polynesia,Pattern near church media other appear head generation.,https://i.pravatar.cc/150?u=michaelrobinson20@example.com
erinwells99@example.com,8JBzqWGg^tPo,erinwells99,Erin,Wells,Rwanda,Season level style foot recognize the.,https://i.pravatar.cc/150?u=erinwells99@example.com
briannahill77@example.com,4)*01ZmPB#1l,briannahill77,Brianna,Hill,Monaco,Prevent off certainly stop newspaper out player special.,https://i.pravatar.cc/150?u=briannahill77@example.com
tiffanyfreeman2@example.com,I7zCw$E6)aU+,tiffanyfreeman2,Tiffany,Freeman,Mozambique,Modern student understand just feeling which sign throughout human others into.,https://i.pravatar.cc/150?u=tiffanyfreeman2@example.com
sharonsmith32@example.com,Zf4SDsuG^)g@,sharonsmith32,Sharon,Smith,Brazil,Space in dinner himself discussion skin specific entire information.,https://i.pravatar.cc/150?u=sharonsmith32@example.com
mirandasanchez18@example.com,+0QDnfgH^4e),mirandasanchez18,Miranda,Sanchez,Maldives,Possible arrive live minute suddenly this manage major thing fill sea story.,https://i.pravatar.cc/150?u=mirandasanchez18@example.com
williamtucker34@example.com,l)Gwf3Xvh+Hs,williamtucker34,William,Tucker,Germany,Truth attack main high same individual once hour as person outside.,https://i.pravatar.cc/150?u=williamtucker34@example.com
richardstokes98@example.com,(TTBrf6IL87*,richardstokes98,Richard,Stokes,Madagascar,Past leave begin part approach short television late offer next despite population sell.,https://i.pravatar.cc/150?u=richardstokes98@example.com
jamesphillips48@example.com,WhoZclyL#3zF,jamesphillips48,James,Phillips,Greece,Box dream try wish five owner worker.,https://i.pravatar.cc/150?u=jamesphillips48@example.com
keithsanchez43@example.com,IMgJtawx@@9P,keithsanchez43,Keith,Sanchez,Estonia,Hard manage somebody everybody Republican instead out.,https://i.pravatar.cc/150?u=keithsanchez43@example.com
jamessuarez90@example.com,GPju1OpI$_q%,jamessuarez90,James,Suarez,Uzbekistan,Approach shoulder off remember follow seven none beyond again side health risk window.,https://i.pravatar.cc/150?u=jamessuarez90@example.com
paulamills93@example.com,9vU5K4sVJN^$,paulamills93,Paula,Mills,Lao People's Democratic Republic,World debate stay hundred back care.,https://i.pravatar.cc/150?u=paulamills93@example.com
vernonswanson81@example.com,s3cV0Vss!hf5,vernonswanson81,Vernon,Swanson,Barbados,Me ahead happen memory most case matter inside professional student party.,https://i.pravatar.cc/150?u=vernonswanson81@example.com
christophermueller82@example.com,b7elcJqx^ERg,christophermueller82,Christopher,Mueller,Niue,Direction along threat them response short Democrat window network plant first.,https://i.pravatar.cc/150?u=christophermueller82@example.com
heatherfernandez93@example.com,F#5QTmOVdiu7,heatherfernandez93,Heather,Fernandez,Qatar,Look after dinner for student play lay field side leg development cup.,https://i.pravatar.cc/150?u=heatherfernandez93@example.com
hannahmartinez2@example.com,*5TdRy$T08iO,hannahmartinez2,Hannah,Martinez,Dominica,Mouth force more own religious break cup suffer necessary anyone court.,https://i.pravatar.cc/150?u=hannahmartinez2@example.com
jayharrington51@example.com,b0E5KT8w_g7U,jayharrington51,Jay,Harrington,Eritrea,Thought cell authority memory understand best him political south manage different.,https://i.pravatar.cc/150?u=jayharrington51@example.com
johncrawford87@example.com,k%%QtMh*S@1t,johncrawford87,John,Crawford,Cayman Islands,Prevent mention environmental chair decision because wall garden team expert bring film.,https://i.pravatar.cc/150?u=johncrawford87@example.com
heatherwells99@example.com,&Vle2N@oV2Sm,heatherwells99,Heather,Wells,Mongolia,Animal significant current word drive the wind level.,https://i.pravatar.cc/150?u=heatherwells99@example.com
billytaylor48@example.com,+0Ubk1_8afnf,billytaylor48,Billy,Taylor,Zimbabwe,Likely time build appear social half main garden hit.,https://i.pravatar.cc/150?u=billytaylor48@example.com
kathyjackson34@example.com,JdRlT4ao@1s3,kathyjackson34,Kathy,Jackson,United States Minor Outlying Islands,National hotel she with section learn.,https://i.pravatar.cc/150?u=kathyjackson34@example.com
brandonmiller74@example.com,%u_cSaQ@t6x2,brandonmiller74,Brandon,Miller,Saint Barthelemy,Laugh operation draw century can growth color those live improve improve we security.,https://i.pravatar.cc/150?u=brandonmiller74@example.com
aprildavis21@example.com,v9DVyfsQ$11),aprildavis21,April,Davis,Israel,Employee still TV church almost watch card plant no piece.,https://i.pravatar.cc/150?u=aprildavis21@example.com
thomasgonzalez72@example.com,fHQEXOzr^(6V,thomasgonzalez72,Thomas,Gonzalez,Nigeria,So whole sign hot happy difficult first successful read first bank level lay.,https://i.pravatar.cc/150?u=thomasgonzalez72@example.com
douglasnguyen69@example.com,zJ09uCz$XW%L,douglasnguyen69,Douglas,Nguyen,Sao Tome and Principe,Us matter affect artist central parent wonder example billion expect true true.,https://i.pravatar.cc/150?u=douglasnguyen69@example.com
emilydaniels71@example.com,((@Qx+z^26XN,emilydaniels71,Emily,Daniels,Malta,Year collection most now husband far.,https://i.pravatar.cc/150?u=emilydaniels71@example.com
virginiawilliams22@example.com,ltc8NZn9&6%N,virginiawilliams22,Virginia,Williams,France,Region ever leave suffer listen floor forward sense heart.,https://i.pravatar.cc/150?u=virginiawilliams22@example.com
charlesholt33@example.com,t&4KXM@She!5,charlesholt33,Charles,Holt,Reunion,Must current over officer sure administration line.,https://i.pravatar.cc/150?u=charlesholt33@example.com
lisamiller49@example.com,(UtmKApr^740,lisamiller49,Lisa,Miller,Wallis and Futuna,Lay his director last culture receive because consider look for bring.,https://i.pravatar.cc/150?u=lisamiller49@example.com
scottreilly39@example.com,P_uK#Pcrc(x9,scottreilly39,Scott,Reilly,Spain,Natural until financial stock door suddenly the forward coach.,https://i.pravatar.cc/150?u=scottreilly39@example.com
